customer_id,acct_type,currency,account_id,iban,balance
SYN000000000,***RENT,SGD,*******2122,**************2364,400.04
SYN000000000,***INGS,SGD,*******1451,**************6569,49404.01
SYN000000000,***INGS,SGD,*******1412,**************8899,13878.69
SYN000000001,***RENT,SGD,*******1451,**************5476,1538.26
SYN000000001,***RENT,SGD,*******2650,**************7621,4217.07
SYN000000001,***INGS,MYR,*******1592,**************7845,5553.65
SYN000000001,***INGS,SGD,*******7120,**************6577,2654.48
SYN000000002,***INGS,SGD,*******4030,**************2738,427.36
SYN000000003,*IXED,SGD,*******2662,**************1599,9418.26
SYN000000004,*IXED,SGD,*******7340,**************4479,7405.55
SYN000000004,***INGS,MYR,*******7552,**************9767,11555.49
SYN000000004,***RENT,SGD,*******1980,**************4852,3401.22
SYN000000004,***INGS,SGD,*******2281,**************0067,6648.38
SYN000000005,***INGS,USD,*******4112,**************4722,7852.67
SYN000000006,***INGS,SGD,*******2981,**************2051,8383.29
SYN000000006,***INGS,SGD,*******1802,**************3459,15530.33
SYN000000007,*IXED,SGD,*******6742,**************8414,128484.57
SYN000000007,***INGS,SGD,*******0071,**************1965,13887.77
SYN000000007,*IXED,SGD,*******1061,**************0518,16659.98
SYN000000007,***INGS,MYR,*******3592,**************6659,2282.85
SYN000000008,*IXED,SGD,*******3711,**************2863,8878.79
SYN000000009,***RENT,USD,*******4711,**************7303,2874.51
SYN000000009,***RENT,SGD,*******7110,**************0407,518.5
SYN000000009,***INGS,SGD,*******0920,**************0935,1251.6
SYN000000009,***RENT,SGD,*******4672,**************3098,3052.43
SYN000000009,***INGS,SGD,*******7081,**************6931,6358.73
SYN000000010,***INGS,SGD,*******4751,**************3862,3829.43
SYN000000011,***INGS,SGD,*******7790,**************3434,7728.71
SYN000000012,*IXED,SGD,*******3600,**************9808,1391.29
SYN000000012,***INGS,USD,*******5992,**************3781,29481.7
SYN000000012,***INGS,USD,*******5650,**************1998,12924.05
SYN000000012,***INGS,SGD,*******5260,**************0728,633.41
SYN000000012,*IXED,SGD,*******1150,**************3355,2085.29
SYN000000012,***INGS,USD,*******5162,**************2515,5576.33
SYN000000012,***RENT,SGD,*******3592,**************7042,88907.82
SYN000000013,***INGS,SGD,*******6241,**************4187,4687.01
SYN000000013,***INGS,USD,*******2500,**************9780,582.12
SYN000000013,***RENT,SGD,*******0422,**************8455,1476.12
SYN000000013,***INGS,SGD,*******6292,**************4688,7403.44
SYN000000014,***INGS,USD,*******3421,**************7597,1379.54
SYN000000014,*IXED,SGD,*******2550,**************9739,1287.98
SYN000000014,***INGS,SGD,*******3632,**************1598,2666.12
SYN000000015,***INGS,MYR,*******7002,**************4623,5261.99
SYN000000016,***INGS,USD,*******7482,**************6234,2799.27
SYN000000016,***INGS,USD,*******6230,**************3832,3873.5
SYN000000016,***RENT,SGD,*******4710,**************6514,860.84
SYN000000017,*IXED,SGD,*******6120,**************8262,2446.69
SYN000000017,***RENT,SGD,*******4241,**************1749,6573.51
SYN000000017,***RENT,SGD,*******7930,**************9250,11012.82
SYN000000017,***INGS,SGD,*******5982,**************2700,740.19
SYN000000018,***RENT,USD,*******4650,**************8590,1466.19
SYN000000018,***INGS,SGD,*******3901,**************9507,22600.71
SYN000000019,***RENT,SGD,*******0332,**************8026,764.11
SYN000000020,***RENT,USD,*******1850,**************3326,7529.96
SYN000000021,***INGS,SGD,*******2420,**************9574,34881.54
SYN000000021,***RENT,SGD,*******0522,**************3347,12211.54
SYN000000022,***RENT,SGD,*******6251,**************2649,6181.33
SYN000000023,***INGS,USD,*******7090,**************3966,1294.69
SYN000000023,***INGS,USD,*******0722,**************0674,1504.99
SYN000000023,***RENT,SGD,*******1171,**************2606,3229.49
SYN000000023,***RENT,SGD,*******6251,**************9917,2845.59
SYN000000024,***RENT,MYR,*******2000,**************0131,34469.66
SYN000000025,***INGS,USD,*******6911,**************7009,67944.03
SYN000000025,***RENT,SGD,*******0990,**************2199,15061.57
SYN000000025,***INGS,SGD,*******1591,**************5237,7179.4
SYN000000025,*IXED,SGD,*******4241,**************1767,1552.06
SYN000000026,*IXED,USD,*******7782,**************7803,585.99
SYN000000026,***INGS,SGD,*******3750,**************1730,12656.0
SYN000000027,***INGS,MYR,*******5070,**************3564,3048.81
SYN000000027,***INGS,SGD,*******5340,**************8355,1586.67
SYN000000028,*IXED,SGD,*******7470,**************8853,1384.74
SYN000000028,***RENT,SGD,*******3271,**************0104,3229.39
SYN000000028,***INGS,SGD,*******3691,**************2702,4902.28
SYN000000028,***INGS,SGD,*******0651,**************1418,7102.3
SYN000000029,***INGS,SGD,*******0200,**************2725,5505.81
SYN000000030,***INGS,SGD,*******3922,**************3619,426.92
SYN000000030,***INGS,MYR,*******7520,**************8727,2751.29
SYN000000031,***INGS,MYR,*******3962,**************4679,3742.56
SYN000000032,***RENT,USD,*******5422,**************8399,31589.94
SYN000000033,***RENT,SGD,*******7760,**************5615,2857.74
SYN000000033,*IXED,SGD,*******7101,**************6926,1378.08
SYN000000033,***INGS,USD,*******2331,**************9571,2607.91
SYN000000033,***RENT,USD,*******6012,**************9553,8891.0
SYN000000033,***RENT,SGD,*******2260,**************5797,1566.25
SYN000000033,*IXED,SGD,*******7741,**************0629,9403.49
SYN000000033,***RENT,SGD,*******2062,**************2338,3475.76
SYN000000033,***INGS,SGD,*******0092,**************1198,1309.28
SYN000000033,***INGS,MYR,*******7132,**************4784,633.52
SYN000000033,***INGS,USD,*******6661,**************3572,14567.9
SYN000000034,***INGS,SGD,*******2990,**************1529,34890.2
SYN000000034,***RENT,SGD,*******7031,**************3332,2104.54
SYN000000034,***RENT,SGD,*******0860,**************2627,2583.33
SYN000000034,***RENT,SGD,*******6670,**************0099,1699.38
SYN000000035,***INGS,SGD,*******4532,**************8915,30924.92
SYN000000036,*IXED,SGD,*******3121,**************6312,2564.97
SYN000000036,***INGS,SGD,*******6690,**************8420,7059.04
SYN000000036,***RENT,SGD,*******3780,**************3222,2755.74
SYN000000036,***RENT,SGD,*******3040,**************7357,6415.56
SYN000000036,***INGS,SGD,*******6730,**************5991,4896.2
SYN000000037,***INGS,SGD,*******4541,**************2563,3485.03
SYN000000037,***RENT,SGD,*******2981,**************5602,2936.05
SYN000000038,***INGS,SGD,*******3290,**************3937,15411.15
SYN000000038,***RENT,SGD,*******5862,**************0013,2138.89
SYN000000038,*IXED,SGD,*******7180,**************3901,3974.94
SYN000000038,***INGS,SGD,*******0791,**************8474,635.21
SYN000000038,***RENT,MYR,*******0010,**************0308,797.36
SYN000000039,***INGS,USD,*******4362,**************2279,2986.75
SYN000000040,***INGS,SGD,*******3821,**************8509,7083.69
SYN000000041,***INGS,SGD,*******4481,**************5798,4379.97
SYN000000041,***RENT,USD,*******3371,**************6147,10825.85
SYN000000041,*IXED,SGD,*******4322,**************2096,8796.65
SYN000000041,***INGS,SGD,*******7501,**************8693,1941.07
SYN000000041,*IXED,SGD,*******7182,**************3349,388.33
SYN000000042,***RENT,SGD,*******6351,**************8866,3430.54
SYN000000042,***RENT,USD,*******2971,**************4934,1149.86
SYN000000043,*IXED,MYR,*******1031,**************8817,14444.55
SYN000000044,***INGS,MYR,*******2912,**************4871,1948.04
SYN000000044,***INGS,SGD,*******5242,**************1451,48675.13
SYN000000044,***INGS,SGD,*******7191,**************2887,2397.37
SYN000000044,***INGS,SGD,*******4551,**************9966,1845.85
SYN000000044,***RENT,SGD,*******0961,**************8548,1162.76
SYN000000044,***INGS,SGD,*******0681,**************1757,10744.57
SYN000000044,***INGS,SGD,*******3961,**************3823,54516.33
SYN000000045,*IXED,SGD,*******0520,**************9908,1978.77
SYN000000046,***RENT,SGD,*******4810,**************1685,10226.49
SYN000000046,***RENT,SGD,*******7542,**************7593,1543.77
SYN000000047,*IXED,USD,*******3510,**************9290,1981.37
SYN000000047,***INGS,SGD,*******6512,**************1868,27611.09
SYN000000048,*IXED,SGD,*******2020,**************8040,1167.15
SYN000000048,***RENT,SGD,*******6512,**************6652,9811.42
SYN000000048,***INGS,USD,*******1412,**************2214,7542.88
SYN000000048,***INGS,SGD,*******2650,**************8472,479.69
SYN000000049,*IXED,USD,*******2932,**************2285,14085.68
SYN000000049,***INGS,SGD,*******3181,**************0097,5696.95
SYN000000050,***INGS,MYR,*******2591,**************4408,943.43
SYN000000050,***INGS,SGD,*******5350,**************8803,1038.96
SYN000000050,***RENT,SGD,*******6391,**************8540,73615.14
SYN000000050,*IXED,SGD,*******4870,**************1425,5754.6
SYN000000051,***RENT,USD,*******3490,**************4436,3354.54
SYN000000051,***INGS,USD,*******0541,**************4476,16434.02
SYN000000051,***INGS,SGD,*******3761,**************1561,4754.37
SYN000000052,***INGS,SGD,*******3160,**************6609,3823.09
SYN000000052,***INGS,MYR,*******5930,**************9682,8808.3
SYN000000052,***INGS,SGD,*******0202,**************8025,1846.25
SYN000000052,*IXED,SGD,*******1250,**************2703,769.77
SYN000000053,***INGS,SGD,*******2561,**************2231,1941.18
SYN000000053,***INGS,SGD,*******4010,**************2239,1243.65
SYN000000053,***RENT,SGD,*******1622,**************6131,29544.16
SYN000000054,***INGS,SGD,*******3730,**************2855,19286.97
SYN000000055,***RENT,SGD,*******4791,**************9023,1221.69
SYN000000055,***RENT,USD,*******0801,**************5878,10341.05
SYN000000056,***INGS,SGD,*******7910,**************8156,4748.94
SYN000000057,***INGS,USD,*******2360,**************9731,3919.65
SYN000000057,*IXED,MYR,*******0840,**************1710,25354.07
SYN000000058,***INGS,SGD,*******4620,**************7356,6587.87
SYN000000058,***RENT,SGD,*******6131,**************8923,9747.81
SYN000000059,***RENT,USD,*******2971,**************9788,2630.61
SYN000000059,***RENT,SGD,*******5241,**************5743,25348.29
SYN000000060,***INGS,SGD,*******1831,**************5473,1362.13
SYN000000060,*IXED,USD,*******4552,**************5209,563.86
SYN000000060,***INGS,SGD,*******5002,**************4598,4581.11
SYN000000060,***INGS,SGD,*******2750,**************2942,10019.38
SYN000000061,***INGS,SGD,*******6531,**************8614,6544.13
SYN000000061,***INGS,SGD,*******2482,**************9213,6760.86
SYN000000061,***INGS,MYR,*******6882,**************8571,9561.7
SYN000000062,***RENT,MYR,*******1140,**************8845,339.2
SYN000000063,***INGS,SGD,*******2780,**************0314,17409.1
SYN000000064,***INGS,USD,*******0431,**************2945,7785.59
SYN000000064,***INGS,USD,*******6391,**************4992,1504.07
SYN000000064,***RENT,USD,*******2640,**************5936,158.98
SYN000000064,***RENT,SGD,*******3260,**************0057,1245.46
SYN000000065,*IXED,SGD,*******4110,**************2157,184.06
SYN000000065,***RENT,SGD,*******0202,**************6604,3087.42
SYN000000066,***INGS,MYR,*******2062,**************4895,7753.62
SYN000000067,***RENT,SGD,*******5300,**************9421,18389.27
SYN000000067,***RENT,SGD,*******6800,**************0297,531.28
SYN000000067,***RENT,SGD,*******4331,**************0725,2211.11
SYN000000068,***INGS,SGD,*******1601,**************3332,2868.39
SYN000000069,***INGS,MYR,*******1611,**************9728,1994.96
SYN000000069,***INGS,SGD,*******0330,**************9732,11501.2
SYN000000069,***INGS,SGD,*******4910,**************1466,4518.46
SYN000000070,***INGS,USD,*******7721,**************9909,5585.71
SYN000000071,***RENT,SGD,*******1521,**************1599,68193.79
SYN000000072,***RENT,SGD,*******3852,**************3143,35146.82
SYN000000073,*IXED,SGD,*******0872,**************0536,2100.56
SYN000000074,***INGS,MYR,*******2460,**************2305,17171.76
SYN000000075,*IXED,SGD,*******7362,**************7024,4737.92
SYN000000076,***RENT,SGD,*******0560,**************5337,2191.48
SYN000000077,***RENT,SGD,*******1032,**************0011,867.99
SYN000000077,***RENT,SGD,*******6032,**************9928,3657.58
SYN000000078,***INGS,SGD,*******1251,**************2358,19443.13
SYN000000078,*IXED,SGD,*******2912,**************6073,2576.1
SYN000000079,*IXED,SGD,*******1371,**************4837,1288.85
SYN000000079,***INGS,USD,*******3502,**************6699,1517.3
SYN000000080,*IXED,SGD,*******1382,**************7641,5180.65
SYN000000080,***INGS,USD,*******0881,**************1782,2607.65
SYN000000081,*IXED,SGD,*******1860,**************9373,43698.2
SYN000000081,***RENT,SGD,*******2240,**************7927,2339.05
SYN000000081,***RENT,SGD,*******2330,**************4396,14313.68
SYN000000081,***INGS,SGD,*******1552,**************5238,3394.96
SYN000000081,***RENT,SGD,*******4170,**************0062,11036.58
SYN000000081,***RENT,SGD,*******0931,**************8608,9580.3
SYN000000081,***RENT,SGD,*******4221,**************1826,4656.47
SYN000000082,***INGS,SGD,*******0521,**************1505,23239.48
SYN000000083,***RENT,SGD,*******1392,**************5073,1625.38
SYN000000083,***RENT,USD,*******4611,**************0745,7566.05
SYN000000084,***INGS,SGD,*******4272,**************0497,17813.14
SYN000000084,***RENT,SGD,*******4761,**************0627,6966.67
SYN000000085,***INGS,SGD,*******5750,**************9301,19193.83
SYN000000085,*IXED,SGD,*******4041,**************5363,26259.4
SYN000000085,***RENT,SGD,*******7912,**************0423,6563.84
SYN000000085,***RENT,SGD,*******7932,**************1474,2361.16
SYN000000086,***INGS,MYR,*******1200,**************0775,5315.73
SYN000000086,***INGS,SGD,*******3191,**************5456,3187.99
SYN000000087,***RENT,SGD,*******4161,**************1036,17507.75
SYN000000087,***RENT,SGD,*******6041,**************1988,2814.94
SYN000000087,***INGS,SGD,*******7920,**************7896,3781.23
SYN000000088,***INGS,SGD,*******5930,**************8715,8263.0
SYN000000088,***INGS,MYR,*******6410,**************2415,2871.86
SYN000000089,*IXED,SGD,*******0042,**************5870,609.63
SYN000000089,***RENT,USD,*******6441,**************4419,5757.84
SYN000000090,***RENT,SGD,*******3051,**************4360,2140.95
SYN000000090,***INGS,USD,*******4962,**************1647,6750.4
SYN000000091,***INGS,SGD,*******6112,**************0486,20752.86
SYN000000091,***INGS,MYR,*******7310,**************3759,17476.07
SYN000000091,***INGS,SGD,*******0720,**************7968,6521.38
SYN000000092,*IXED,SGD,*******2290,**************5245,18326.38
SYN000000092,*IXED,SGD,*******3920,**************1959,9696.93
SYN000000092,***INGS,USD,*******5852,**************2309,68203.54
SYN000000092,***INGS,USD,*******3552,**************4360,59229.72
SYN000000093,***INGS,SGD,*******3950,**************6247,3203.11
SYN000000094,***RENT,SGD,*******6432,**************0097,2454.43
SYN000000095,***INGS,USD,*******1380,**************9687,57722.12
SYN000000095,***INGS,SGD,*******3251,**************8940,6409.73
SYN000000095,***INGS,SGD,*******6232,**************0909,482.15
SYN000000096,***INGS,SGD,*******2720,**************4340,3948.49
SYN000000096,***RENT,MYR,*******5651,**************5987,9949.43
SYN000000097,***INGS,USD,*******5382,**************7164,2088.42
SYN000000097,***RENT,SGD,*******1011,**************1358,16464.23
SYN000000098,***INGS,SGD,*******0431,**************4672,8355.14
SYN000000098,*IXED,USD,*******7180,**************0544,3469.76
SYN000000098,***RENT,SGD,*******4901,**************1109,4493.91
SYN000000098,***INGS,SGD,*******3730,**************1861,2221.87
SYN000000099,***INGS,SGD,*******6341,**************7414,6443.17
SYN000000099,***INGS,SGD,*******0611,**************7125,343.92
SYN000000099,***INGS,SGD,*******7840,**************0835,2559.35
SYN000000099,***INGS,SGD,*******0281,**************5116,12487.87
SYN000000100,***RENT,SGD,*******7361,**************6365,1042.24
SYN000000101,***INGS,SGD,*******2500,**************3892,42569.47
SYN000000101,***INGS,SGD,*******2982,**************2634,484.32
SYN000000102,***INGS,SGD,*******7941,**************1824,4693.49
SYN000000103,***RENT,SGD,*******7070,**************7208,1649.0
SYN000000103,***INGS,USD,*******4831,**************9606,14418.87
SYN000000103,***INGS,SGD,*******3330,**************5072,2961.84
SYN000000104,***RENT,USD,*******6812,**************1390,2285.0
SYN000000104,***RENT,SGD,*******6620,**************4312,41005.29
SYN000000104,***RENT,USD,*******6250,**************1798,37148.89
SYN000000105,***RENT,SGD,*******4390,**************0620,909.08
SYN000000105,***RENT,SGD,*******4740,**************4421,2142.02
SYN000000105,***RENT,USD,*******4351,**************3718,1115.92
SYN000000106,*IXED,SGD,*******0050,**************8132,1197.75
SYN000000106,***INGS,SGD,*******7831,**************7753,3348.17
SYN000000106,*IXED,SGD,*******2210,**************9636,2825.52
SYN000000107,***INGS,SGD,*******7120,**************3681,29701.51
SYN000000107,*IXED,SGD,*******7711,**************3456,27524.19
SYN000000108,***RENT,SGD,*******1430,**************9281,11501.25
SYN000000108,***INGS,USD,*******4110,**************0089,27813.91
SYN000000108,***RENT,MYR,*******0312,**************6838,11598.92
SYN000000109,***RENT,SGD,*******6682,**************0884,1003.78
SYN000000109,***RENT,SGD,*******0870,**************8416,1923.33
SYN000000110,***INGS,SGD,*******4772,**************5699,2382.8
SYN000000110,***RENT,MYR,*******4941,**************7620,5571.99
SYN000000111,***RENT,USD,*******3422,**************8522,2615.56
SYN000000111,***INGS,SGD,*******5180,**************8295,8458.15
SYN000000112,***INGS,SGD,*******2201,**************1310,665.59
SYN000000112,***INGS,USD,*******0950,**************7574,2651.71
SYN000000113,***RENT,SGD,*******7642,**************9714,2499.65
SYN000000114,***INGS,SGD,*******0291,**************8296,1623.78
SYN000000114,***RENT,USD,*******5862,**************7418,660.22
SYN000000114,***RENT,SGD,*******0522,**************4397,32080.92
SYN000000114,*IXED,SGD,*******1890,**************3807,17079.95
SYN000000114,***INGS,USD,*******2711,**************8124,20304.1
SYN000000115,***RENT,SGD,*******4730,**************9528,2992.83
SYN000000115,***RENT,SGD,*******0440,**************8261,2666.95
SYN000000116,***RENT,SGD,*******6032,**************1808,221110.99
SYN000000116,***INGS,USD,*******4331,**************0493,414.71
SYN000000116,***INGS,USD,*******2661,**************2467,2972.39
SYN000000116,***INGS,USD,*******6640,**************1029,3890.63
SYN000000116,***INGS,SGD,*******3080,**************6631,476.39
SYN000000117,*IXED,MYR,*******2292,**************3903,14466.42
SYN000000118,*IXED,SGD,*******7080,**************5542,10525.36
SYN000000119,***INGS,SGD,*******0802,**************5288,36141.54
SYN000000119,***INGS,SGD,*******5351,**************8375,3575.11
SYN000000119,*IXED,SGD,*******7561,**************8945,8053.24
SYN000000119,***RENT,SGD,*******4141,**************0679,4042.69
SYN000000119,***INGS,USD,*******6290,**************9989,8090.16
SYN000000119,***RENT,USD,*******4341,**************9656,2631.94
SYN000000119,***INGS,SGD,*******4842,**************2635,6440.01
SYN000000119,*IXED,SGD,*******6610,**************6209,4669.24
SYN000000120,***RENT,SGD,*******5051,**************1566,3427.7
SYN000000120,***RENT,SGD,*******1401,**************6041,70110.93
SYN000000120,*IXED,SGD,*******3781,**************5120,901.52
SYN000000120,***INGS,SGD,*******7572,**************8179,1649.85
SYN000000120,***RENT,SGD,*******1540,**************4012,7716.09
SYN000000121,***INGS,USD,*******2680,**************5645,1480.37
SYN000000121,***INGS,MYR,*******0862,**************9610,6515.42
SYN000000122,***INGS,SGD,*******5110,**************3043,59790.72
SYN000000123,*IXED,SGD,*******7122,**************9634,4041.79
SYN000000124,*IXED,MYR,*******4252,**************5287,4341.84
SYN000000124,***INGS,USD,*******7042,**************9340,1802.71
SYN000000124,***INGS,SGD,*******0860,**************9395,14603.85
SYN000000124,***INGS,MYR,*******5091,**************5870,8660.81
SYN000000124,***RENT,SGD,*******0161,**************9640,413.59
SYN000000125,***INGS,SGD,*******0231,**************1972,52769.16
SYN000000125,***INGS,MYR,*******5982,**************5289,1938.76
SYN000000126,***INGS,SGD,*******1930,**************8924,7496.22
SYN000000126,***RENT,SGD,*******4632,**************9236,8010.24
SYN000000126,***INGS,SGD,*******5351,**************5925,6500.4
SYN000000126,***RENT,SGD,*******2430,**************3755,3083.38
SYN000000127,***INGS,SGD,*******0810,**************7236,3879.1
SYN000000127,***INGS,SGD,*******3772,**************4024,1836.12
SYN000000127,***RENT,SGD,*******2362,**************4190,10993.97
SYN000000127,*IXED,SGD,*******5412,**************5419,30396.32
SYN000000128,***INGS,USD,*******2412,**************2473,2128.91
SYN000000128,***INGS,SGD,*******0882,**************6189,4397.06
SYN000000129,***RENT,USD,*******5040,**************5073,4653.69
SYN000000129,***RENT,SGD,*******3480,**************2867,7755.57
SYN000000130,***INGS,MYR,*******1131,**************0676,32503.8
SYN000000130,***RENT,SGD,*******3971,**************4133,2942.54
SYN000000130,***INGS,USD,*******1110,**************9604,1486.05
SYN000000130,***RENT,SGD,*******7491,**************9091,753.86
SYN000000130,***INGS,SGD,*******1370,**************6662,5054.24
SYN000000131,***RENT,SGD,*******7260,**************9430,2494.66
SYN000000131,***RENT,USD,*******5331,**************1596,3014.21
SYN000000132,***RENT,SGD,*******1050,**************9938,3065.08
SYN000000133,***INGS,SGD,*******0032,**************8759,10552.37
SYN000000134,***RENT,SGD,*******1871,**************7246,2046.9
SYN000000134,***RENT,SGD,*******1361,**************2971,10045.07
SYN000000135,***INGS,SGD,*******5392,**************9636,3816.0
SYN000000135,***RENT,SGD,*******6000,**************6331,16262.53
SYN000000136,***RENT,SGD,*******6380,**************3363,6368.1
SYN000000137,***RENT,SGD,*******7942,**************2104,41021.81
SYN000000137,***RENT,USD,*******1991,**************0930,2969.16
SYN000000138,***INGS,USD,*******6141,**************2880,8102.92
SYN000000139,***RENT,SGD,*******3631,**************3892,52487.98
SYN000000140,***INGS,SGD,*******2502,**************1737,3813.31
SYN000000141,***RENT,SGD,*******4282,**************5548,10981.56
SYN000000142,*IXED,USD,*******3742,**************8626,897.21
SYN000000142,***RENT,USD,*******6040,**************4200,1123.12
SYN000000142,***INGS,USD,*******5491,**************5896,45280.01
SYN000000142,***RENT,USD,*******2492,**************6941,11789.91
SYN000000142,*IXED,SGD,*******0501,**************2596,28665.16
SYN000000142,***INGS,SGD,*******1311,**************9159,29907.58
SYN000000143,***RENT,USD,*******5931,**************3204,1838.14
SYN000000143,***INGS,SGD,*******7620,**************3279,1329.82
SYN000000143,***INGS,SGD,*******4911,**************2774,4692.27
SYN000000143,***INGS,USD,*******1382,**************2747,5576.19
SYN000000143,***RENT,MYR,*******4241,**************6835,23281.35
SYN000000144,***INGS,SGD,*******0811,**************1710,4403.38
SYN000000144,***RENT,USD,*******1172,**************0323,282.25
SYN000000144,***INGS,SGD,*******0221,**************6166,14092.77
SYN000000144,***RENT,SGD,*******2300,**************2636,3027.44
SYN000000145,*IXED,SGD,*******6361,**************1672,1544.08
SYN000000145,***INGS,SGD,*******1282,**************4631,109894.17
SYN000000145,***INGS,SGD,*******5031,**************8435,3537.64
SYN000000146,***INGS,SGD,*******3682,**************2893,2997.93
SYN000000146,***INGS,SGD,*******1072,**************6713,8499.49
SYN000000146,***INGS,USD,*******3922,**************7294,2231.19
SYN000000146,***INGS,SGD,*******3172,**************6380,3919.2
SYN000000146,***RENT,MYR,*******4122,**************9511,15897.51
SYN000000147,***INGS,SGD,*******3832,**************0709,607.47
SYN000000148,***INGS,SGD,*******4531,**************4302,6348.38
SYN000000148,***INGS,USD,*******3891,**************8263,2413.49
SYN000000148,***INGS,USD,*******0222,**************0173,1872.77
SYN000000149,***RENT,SGD,*******0712,**************8779,16075.49
SYN000000150,***RENT,SGD,*******5480,**************1780,1818.58
SYN000000150,*IXED,USD,*******3901,**************5020,8967.46
SYN000000151,***INGS,SGD,*******7140,**************3514,1817.12
SYN000000152,***INGS,USD,*******4491,**************9115,1320.91
SYN000000153,***RENT,SGD,*******5312,**************4363,7753.2
SYN000000153,***RENT,SGD,*******0612,**************6356,2493.44
SYN000000153,***RENT,SGD,*******3901,**************5018,2467.84
SYN000000153,***RENT,SGD,*******4940,**************5719,853.45
SYN000000153,***INGS,USD,*******0091,**************7377,18194.6
SYN000000154,***INGS,SGD,*******4550,**************3121,3043.67
SYN000000155,***RENT,USD,*******1691,**************8354,4112.32
SYN000000155,***RENT,SGD,*******5120,**************3051,4013.17
SYN000000155,***RENT,SGD,*******0580,**************3081,3231.58
SYN000000156,***INGS,SGD,*******3161,**************6374,6510.65
SYN000000156,*IXED,SGD,*******1892,**************3245,2082.24
SYN000000157,***RENT,SGD,*******2851,**************0511,18351.45
SYN000000158,***INGS,SGD,*******7381,**************5431,976.38
SYN000000158,***RENT,MYR,*******6402,**************4818,46259.99
SYN000000158,***INGS,SGD,*******6061,**************7777,861.28
SYN000000159,***RENT,MYR,*******1611,**************4959,38053.61
SYN000000160,***INGS,SGD,*******7040,**************5199,23773.96
SYN000000160,***RENT,SGD,*******2482,**************7066,338.98
SYN000000161,***INGS,SGD,*******5820,**************9543,2415.83
SYN000000161,*IXED,SGD,*******4352,**************1475,8520.45
SYN000000162,***INGS,MYR,*******3540,**************6368,7882.15
SYN000000162,***INGS,USD,*******1170,**************1805,7825.28
SYN000000163,***INGS,SGD,*******5982,**************1136,29921.43
SYN000000163,***RENT,SGD,*******7141,**************3222,1715.52
SYN000000163,***INGS,SGD,*******4820,**************3835,4935.43
SYN000000164,***RENT,SGD,*******7082,**************5552,7482.87
SYN000000165,***RENT,USD,*******4061,**************9303,1852.62
SYN000000165,***INGS,SGD,*******7970,**************7243,16212.42
SYN000000166,*IXED,SGD,*******3422,**************3042,185.72
SYN000000166,***INGS,SGD,*******1292,**************5074,34157.49
SYN000000166,***RENT,SGD,*******7680,**************3399,7447.62
SYN000000167,***RENT,SGD,*******1952,**************5396,7669.03
SYN000000167,***INGS,SGD,*******0341,**************6612,7049.36
SYN000000167,***RENT,USD,*******7750,**************4968,30522.12
SYN000000168,***RENT,SGD,*******0362,**************0243,5840.09
SYN000000169,***RENT,MYR,*******1160,**************5503,114477.96
SYN000000169,***RENT,SGD,*******5860,**************5104,40757.94
SYN000000169,***RENT,SGD,*******4902,**************5865,10731.4
SYN000000170,***INGS,SGD,*******7752,**************6020,6531.21
SYN000000170,***RENT,SGD,*******3341,**************9244,1399.27
SYN000000170,***INGS,USD,*******6010,**************5025,8422.87
SYN000000171,***RENT,MYR,*******3262,**************1091,2825.36
SYN000000171,***INGS,MYR,*******0942,**************7466,26303.12
SYN000000172,***RENT,USD,*******3220,**************7229,2218.42
SYN000000173,***RENT,USD,*******3050,**************0195,9310.96
SYN000000174,***RENT,SGD,*******4672,**************6632,3327.6
SYN000000174,***INGS,SGD,*******7311,**************1300,8160.52
SYN000000175,***INGS,SGD,*******1710,**************7044,10939.38
SYN000000175,***INGS,MYR,*******1531,**************7993,538.09
SYN000000176,***RENT,USD,*******2642,**************0876,12403.89
SYN000000177,***INGS,SGD,*******1750,**************3635,4040.5
SYN000000178,*IXED,SGD,*******0700,**************6794,7600.68
SYN000000178,***INGS,MYR,*******6201,**************2173,1092.62
SYN000000178,***RENT,SGD,*******2291,**************0114,55189.07
SYN000000179,***INGS,SGD,*******2261,**************2040,46989.78
SYN000000180,***INGS,USD,*******7771,**************8964,7664.2
SYN000000180,***INGS,SGD,*******7720,**************9800,49643.64
SYN000000181,***RENT,SGD,*******5711,**************6708,1335.59
SYN000000182,***INGS,SGD,*******3901,**************3104,10598.31
SYN000000182,*IXED,SGD,*******4402,**************3780,120904.86
SYN000000182,***INGS,USD,*******5240,**************1603,11601.71
SYN000000183,***INGS,SGD,*******7100,**************9553,1323.71
SYN000000183,***RENT,SGD,*******2282,**************7726,7753.16
SYN000000184,***RENT,USD,*******2680,**************1757,9235.04
SYN000000184,***RENT,SGD,*******3620,**************0039,5977.39
SYN000000184,***RENT,SGD,*******4712,**************6685,6368.49
SYN000000184,***RENT,USD,*******2761,**************3335,3718.4
SYN000000185,***INGS,SGD,*******1021,**************5247,2896.35
SYN000000186,***INGS,SGD,*******6852,**************7046,1372.1
SYN000000187,***RENT,SGD,*******2860,**************7437,1145.46
SYN000000188,***RENT,USD,*******1290,**************7527,200.56
SYN000000189,***RENT,SGD,*******0221,**************2350,3453.09
SYN000000190,*IXED,SGD,*******4022,**************7169,11355.23
SYN000000190,***RENT,SGD,*******0392,**************3613,1448.36
SYN000000191,***RENT,SGD,*******6850,**************9452,1563.96
SYN000000192,***INGS,SGD,*******4262,**************6249,10270.36
SYN000000193,***INGS,SGD,*******1710,**************8435,2907.11
SYN000000193,***INGS,SGD,*******4220,**************8891,7954.67
SYN000000193,***INGS,SGD,*******4212,**************0040,27689.35
SYN000000193,***INGS,SGD,*******6861,**************7173,30186.76
SYN000000193,*IXED,SGD,*******3400,**************4014,7538.07
SYN000000193,***INGS,SGD,*******5370,**************4977,7020.74
SYN000000193,***RENT,USD,*******0880,**************1813,52032.92
SYN000000193,***RENT,USD,*******5642,**************3906,3189.37
SYN000000194,***RENT,SGD,*******3260,**************6379,4341.78
SYN000000195,***RENT,SGD,*******5031,**************6767,618.0
SYN000000196,***INGS,SGD,*******4932,**************7851,2383.31
SYN000000196,***RENT,SGD,*******6552,**************1332,244.55
SYN000000196,***INGS,SGD,*******7051,**************4361,398.09
SYN000000196,***INGS,SGD,*******6640,**************7580,5082.67
SYN000000196,***RENT,MYR,*******0521,**************3341,5589.48
SYN000000197,***INGS,USD,*******7972,**************5950,11090.05
SYN000000197,***INGS,USD,*******7141,**************9571,1853.12
SYN000000197,***INGS,SGD,*******0590,**************1413,3173.35
SYN000000197,***INGS,SGD,*******1871,**************4507,6937.22
SYN000000198,***RENT,MYR,*******5660,**************2198,3636.5
SYN000000198,***INGS,SGD,*******2680,**************0518,2221.96
SYN000000199,*IXED,SGD,*******7820,**************8106,3018.96
SYN000000199,***RENT,SGD,*******5800,**************1414,6035.33
SYN000000200,***INGS,SGD,*******1090,**************2178,504.56
SYN000000200,***INGS,SGD,*******4432,**************9651,36193.09
SYN000000200,***INGS,SGD,*******0331,**************7841,12468.66
SYN000000200,***RENT,USD,*******3760,**************8986,4257.25
SYN000000200,***RENT,SGD,*******7622,**************8225,7038.97
SYN000000200,***INGS,SGD,*******0520,**************4831,3154.77
SYN000000201,***INGS,SGD,*******4612,**************5275,4220.26
SYN000000201,***INGS,MYR,*******2702,**************3816,2145.55
SYN000000201,***RENT,USD,*******4491,**************3903,19797.26
SYN000000202,***RENT,SGD,*******6651,**************2251,35723.21
SYN000000202,***INGS,SGD,*******5342,**************7933,22534.13
SYN000000202,***RENT,SGD,*******6932,**************0483,20513.62
SYN000000203,***INGS,USD,*******0470,**************6349,1856.81
SYN000000203,***RENT,SGD,*******0412,**************4635,6046.55
SYN000000203,***INGS,USD,*******7290,**************2708,23897.09
SYN000000203,***INGS,USD,*******2750,**************0940,2426.75
SYN000000203,***INGS,SGD,*******5750,**************0738,98896.59
SYN000000203,***INGS,SGD,*******1702,**************5841,960.58
SYN000000204,***INGS,SGD,*******5421,**************7766,728.33
SYN000000205,***INGS,SGD,*******6050,**************7436,3934.22
SYN000000206,***INGS,SGD,*******4981,**************7866,34820.93
SYN000000207,*IXED,SGD,*******7990,**************0263,19060.9
SYN000000208,***RENT,SGD,*******2300,**************7430,531.19
SYN000000209,***RENT,SGD,*******5070,**************3793,3866.78
SYN000000209,***INGS,SGD,*******4152,**************3208,6532.39
SYN000000210,***INGS,SGD,*******6090,**************8933,14614.5
SYN000000211,***RENT,USD,*******6152,**************4835,590.74
SYN000000212,***INGS,SGD,*******5400,**************2596,3207.39
SYN000000213,***INGS,SGD,*******4381,**************2619,22560.08
SYN000000213,*IXED,SGD,*******3680,**************0919,1171.33
SYN000000213,***INGS,MYR,*******3100,**************7517,2691.0
SYN000000213,***RENT,SGD,*******3062,**************1262,1695.37
SYN000000213,***RENT,USD,*******2660,**************7427,10215.19
SYN000000214,***RENT,SGD,*******5191,**************9914,9697.61
SYN000000214,***INGS,SGD,*******4831,**************0430,1846.04
SYN000000214,***RENT,SGD,*******5802,**************1750,4145.12
SYN000000215,***INGS,SGD,*******5832,**************8150,1364.34
SYN000000215,***INGS,SGD,*******4912,**************2372,1162.31
SYN000000216,***RENT,SGD,*******3311,**************5096,2941.31
SYN000000217,***INGS,SGD,*******5172,**************4480,4419.39
SYN000000217,*IXED,MYR,*******2852,**************5587,5670.32
SYN000000217,***INGS,USD,*******3570,**************2642,8448.41
SYN000000218,*IXED,SGD,*******2082,**************4901,7891.91
SYN000000219,***RENT,SGD,*******1101,**************6038,12347.34
SYN000000220,***RENT,SGD,*******0012,**************4141,3332.45
SYN000000221,***INGS,SGD,*******2640,**************3795,4748.56
SYN000000222,***RENT,SGD,*******0591,**************9407,617.43
SYN000000222,***RENT,SGD,*******4280,**************6531,2834.16
SYN000000222,***INGS,SGD,*******7811,**************2440,519.2
SYN000000223,*IXED,USD,*******5080,**************2129,3469.36
SYN000000224,***INGS,SGD,*******5770,**************4341,2359.7
SYN000000224,***RENT,SGD,*******3410,**************8994,11055.69
SYN000000225,***RENT,SGD,*******7852,**************3196,858.35
SYN000000225,***INGS,SGD,*******3760,**************1866,3331.95
SYN000000226,***INGS,SGD,*******0640,**************3812,2880.59
SYN000000226,***RENT,SGD,*******3701,**************3308,4068.3
SYN000000227,***INGS,SGD,*******0261,**************9016,410.32
SYN000000228,***INGS,SGD,*******0480,**************4286,59884.82
SYN000000228,***RENT,SGD,*******2780,**************7195,6543.74
SYN000000228,***INGS,SGD,*******2732,**************2898,2257.53
SYN000000228,***INGS,SGD,*******7841,**************0532,13993.81
SYN000000228,***RENT,SGD,*******7471,**************2617,1940.05
SYN000000228,***INGS,SGD,*******5320,**************0954,480.33
SYN000000228,***RENT,SGD,*******1690,**************1316,10740.49
SYN000000228,*IXED,SGD,*******5870,**************5227,17277.53
SYN000000229,***INGS,USD,*******4781,**************4923,2815.74
SYN000000230,***INGS,SGD,*******6962,**************1281,10511.93
SYN000000230,*IXED,SGD,*******4682,**************0126,28524.98
SYN000000231,***INGS,MYR,*******6242,**************7897,10018.21
SYN000000231,***RENT,SGD,*******0221,**************6696,352.8
SYN000000232,*IXED,SGD,*******0540,**************1482,172.81
SYN000000233,***RENT,SGD,*******3442,**************4209,2453.64
SYN000000234,***INGS,USD,*******4791,**************7630,1458.67
SYN000000235,***INGS,SGD,*******6061,**************0133,59659.04
SYN000000236,***INGS,SGD,*******1832,**************8979,8995.7
SYN000000236,***RENT,SGD,*******7740,**************1562,20677.72
SYN000000236,***INGS,SGD,*******5140,**************7936,2833.59
SYN000000237,***RENT,MYR,*******6050,**************0591,11596.38
SYN000000238,*IXED,USD,*******4430,**************1560,601.79
SYN000000238,***INGS,SGD,*******5032,**************9596,5046.42
SYN000000239,***RENT,SGD,*******7452,**************1767,11535.19
SYN000000239,***INGS,USD,*******6590,**************5223,4345.27
SYN000000239,***RENT,MYR,*******0390,**************5473,5617.09
SYN000000239,***INGS,SGD,*******0972,**************0976,5122.09
SYN000000240,***INGS,USD,*******0481,**************7046,12498.99
SYN000000240,***RENT,USD,*******0572,**************1863,838.06
SYN000000241,***INGS,MYR,*******7871,**************9007,9260.76
SYN000000241,***INGS,USD,*******3371,**************2120,1888.69
SYN000000241,***INGS,MYR,*******6741,**************6477,11048.69
SYN000000242,***INGS,SGD,*******6942,**************5381,915.0
SYN000000243,***INGS,USD,*******6562,**************8655,1232.9
SYN000000244,***RENT,USD,*******3032,**************7456,1902.09
SYN000000244,***RENT,SGD,*******4761,**************8993,1595.92
SYN000000245,***INGS,SGD,*******4322,**************8820,32858.82
SYN000000245,***RENT,SGD,*******3172,**************3357,1172.49
SYN000000246,***RENT,MYR,*******5011,**************7073,35334.31
SYN000000246,***INGS,SGD,*******5730,**************8853,1116.58
SYN000000247,*IXED,USD,*******1881,**************3569,596.92
SYN000000247,***INGS,SGD,*******7450,**************7420,2454.27
SYN000000248,***RENT,USD,*******5561,**************9779,7667.85
SYN000000248,***INGS,SGD,*******1582,**************6466,13405.22
SYN000000248,***INGS,SGD,*******5711,**************0175,424.83
SYN000000248,***RENT,SGD,*******1160,**************3635,12956.01
SYN000000248,***RENT,SGD,*******7151,**************6140,3020.06
SYN000000249,***INGS,SGD,*******6762,**************8308,4205.07
SYN000000249,***INGS,SGD,*******3800,**************2654,8990.86
SYN000000249,***INGS,SGD,*******4582,**************9699,579.36
SYN000000250,***RENT,SGD,*******5440,**************6891,134.81
SYN000000250,***RENT,SGD,*******7241,**************7266,988.72
SYN000000250,***RENT,USD,*******3340,**************7094,15695.05
SYN000000251,***INGS,USD,*******6602,**************2844,448.94
SYN000000251,***INGS,SGD,*******0772,**************7976,6784.28
SYN000000252,***RENT,USD,*******5561,**************7826,36664.19
SYN000000252,*IXED,SGD,*******2360,**************6604,620.4
SYN000000253,*IXED,SGD,*******1780,**************1920,1175.79
SYN000000253,***RENT,USD,*******2321,**************3380,406.01
SYN000000254,***RENT,SGD,*******0681,**************7166,7508.53
SYN000000254,***INGS,SGD,*******0280,**************6304,10114.9
SYN000000255,***RENT,USD,*******3681,**************2414,29979.3
SYN000000255,***RENT,SGD,*******1060,**************1830,3810.89
SYN000000255,***INGS,SGD,*******7732,**************3297,13553.11
SYN000000256,***INGS,SGD,*******6261,**************9526,470.09
SYN000000256,***RENT,SGD,*******7530,**************1411,19830.77
SYN000000257,***INGS,USD,*******6682,**************4004,38189.92
SYN000000257,***RENT,SGD,*******4970,**************3833,2580.01
SYN000000257,***RENT,SGD,*******0732,**************2623,9630.79
SYN000000258,***INGS,USD,*******0101,**************8258,1508.65
SYN000000259,***INGS,SGD,*******6960,**************5083,1364.34
SYN000000259,*IXED,SGD,*******3491,**************7081,11864.62
SYN000000259,***RENT,SGD,*******0702,**************5954,1668.51
SYN000000259,***INGS,SGD,*******7322,**************9642,62497.9
SYN000000259,***INGS,SGD,*******4272,**************0965,45154.0
SYN000000260,***INGS,USD,*******1601,**************1134,8261.1
SYN000000261,***RENT,SGD,*******2671,**************7780,52486.52
SYN000000262,***RENT,SGD,*******1720,**************1632,3114.66
SYN000000262,***RENT,USD,*******7560,**************3462,94430.42
SYN000000262,***INGS,SGD,*******6232,**************8667,5048.92
SYN000000262,***INGS,SGD,*******0550,**************5030,4398.46
SYN000000263,***INGS,SGD,*******7672,**************3913,5039.84
SYN000000263,*IXED,MYR,*******6042,**************3253,8495.73
SYN000000264,***RENT,SGD,*******0740,**************5276,391.68
SYN000000264,***RENT,MYR,*******1462,**************1024,6488.07
SYN000000264,***INGS,SGD,*******4261,**************3456,2083.96
SYN000000265,*IXED,SGD,*******2492,**************3088,46376.56
SYN000000266,***INGS,SGD,*******0840,**************4959,3382.29
SYN000000266,***INGS,SGD,*******4901,**************6147,2732.09
SYN000000267,***INGS,SGD,*******7541,**************3448,11312.11
SYN000000268,***INGS,SGD,*******1820,**************5505,854.81
SYN000000269,***INGS,SGD,*******5831,**************7910,2067.64
SYN000000270,***INGS,SGD,*******5291,**************5476,5080.19
SYN000000271,***INGS,MYR,*******4550,**************3717,3288.93
SYN000000271,***RENT,SGD,*******3641,**************0802,3231.01
SYN000000271,***INGS,SGD,*******6302,**************5398,487.03
SYN000000272,*IXED,SGD,*******1352,**************7924,643.46
SYN000000273,***RENT,SGD,*******5220,**************7510,6397.12
SYN000000273,***INGS,MYR,*******3242,**************2341,1823.51
SYN000000273,***RENT,SGD,*******3030,**************2675,20422.7
SYN000000274,***INGS,SGD,*******0501,**************0037,10183.59
SYN000000275,***INGS,SGD,*******6291,**************5095,49494.33
SYN000000276,*IXED,SGD,*******3040,**************8647,2092.16
SYN000000276,***INGS,SGD,*******1221,**************3316,4327.13
SYN000000276,***INGS,SGD,*******2871,**************3866,12632.87
SYN000000277,***INGS,SGD,*******3441,**************6528,350.87
SYN000000278,***INGS,SGD,*******6182,**************3801,75815.86
SYN000000278,***RENT,SGD,*******1361,**************6595,1517.58
SYN000000278,*IXED,SGD,*******7760,**************7440,602.86
SYN000000278,***INGS,SGD,*******1950,**************7939,6397.45
SYN000000279,***INGS,SGD,*******4932,**************0630,1857.79
SYN000000280,*IXED,SGD,*******4130,**************5302,25109.05
SYN000000280,*IXED,SGD,*******4261,**************5537,4334.35
SYN000000280,***INGS,MYR,*******4460,**************9404,398.42
SYN000000281,***INGS,SGD,*******2000,**************4234,3894.4
SYN000000281,*IXED,SGD,*******0271,**************6697,3154.4
SYN000000282,***INGS,SGD,*******4891,**************6797,1185.04
SYN000000283,*IXED,SGD,*******4600,**************5635,2770.19
SYN000000284,***RENT,USD,*******7842,**************7203,5676.24
SYN000000284,***INGS,SGD,*******5450,**************5004,8917.72
SYN000000285,***INGS,SGD,*******4212,**************1161,49493.72
SYN000000286,***INGS,USD,*******5600,**************2723,18512.78
SYN000000286,***RENT,USD,*******7882,**************2998,737.44
SYN000000286,***RENT,SGD,*******6540,**************5300,505.96
SYN000000286,***INGS,SGD,*******3121,**************6089,4477.91
SYN000000286,***RENT,SGD,*******7980,**************4702,530.87
SYN000000287,***INGS,USD,*******1762,**************4558,12925.81
SYN000000287,***INGS,SGD,*******4972,**************4087,2253.8
SYN000000288,***RENT,SGD,*******1452,**************6610,35555.58
SYN000000289,***RENT,SGD,*******6050,**************4696,66609.53
SYN000000290,***INGS,MYR,*******5500,**************2681,30131.34
SYN000000291,***RENT,SGD,*******1842,**************3094,3233.84
SYN000000292,***RENT,USD,*******0161,**************5328,38510.33
SYN000000292,***RENT,SGD,*******2710,**************3626,47705.11
SYN000000293,***INGS,SGD,*******1260,**************3171,618.73
SYN000000294,***INGS,SGD,*******2351,**************1755,3400.18
SYN000000295,***RENT,SGD,*******1161,**************9409,4132.14
SYN000000295,***INGS,SGD,*******5622,**************2623,2821.77
SYN000000296,***RENT,SGD,*******6992,**************7611,16061.54
SYN000000297,***INGS,USD,*******4392,**************8812,9675.71
SYN000000298,*IXED,MYR,*******2181,**************8176,118666.63
SYN000000299,***RENT,USD,*******6712,**************1978,11764.58
SYN000000300,***INGS,SGD,*******3711,**************4723,3839.44
SYN000000300,***RENT,SGD,*******3851,**************8911,372.21
SYN000000300,***INGS,SGD,*******0102,**************8317,56126.73
SYN000000301,*IXED,USD,*******7741,**************5746,1844.85
SYN000000301,***RENT,USD,*******3761,**************9463,2621.4
SYN000000301,***INGS,SGD,*******5901,**************9547,89604.91
SYN000000301,***INGS,MYR,*******1030,**************3223,505.04
SYN000000302,***INGS,MYR,*******5572,**************1723,7973.66
SYN000000303,***INGS,SGD,*******6860,**************3458,5314.34
SYN000000304,***RENT,SGD,*******6922,**************3836,7753.13
SYN000000304,***RENT,SGD,*******3660,**************6475,20731.56
SYN000000305,***INGS,SGD,*******5981,**************7556,412.15
SYN000000306,***RENT,USD,*******7530,**************6407,11329.66
SYN000000306,***INGS,USD,*******1281,**************0303,7645.08
SYN000000306,***INGS,SGD,*******3231,**************8871,348.1
SYN000000306,***RENT,SGD,*******3141,**************7012,15936.4
SYN000000306,***INGS,USD,*******6571,**************4456,5167.29
SYN000000307,***INGS,SGD,*******6522,**************9141,5050.56
SYN000000307,*IXED,SGD,*******6231,**************3472,25963.2
SYN000000307,***RENT,SGD,*******3410,**************5213,16034.26
SYN000000308,***INGS,MYR,*******1701,**************3146,1780.81
SYN000000308,***RENT,SGD,*******2441,**************2767,945.23
SYN000000308,***INGS,SGD,*******5900,**************1198,44177.27
SYN000000308,*IXED,SGD,*******5880,**************7435,16624.07
SYN000000309,***INGS,USD,*******1692,**************0691,676.45
SYN000000309,***INGS,SGD,*******2561,**************2005,1335.55
SYN000000310,***INGS,SGD,*******6482,**************4529,24831.51
SYN000000311,***INGS,USD,*******1040,**************4979,3354.96
SYN000000312,***INGS,SGD,*******3632,**************7454,682.27
SYN000000312,***RENT,SGD,*******4290,**************6756,1263.79
SYN000000312,***INGS,MYR,*******3271,**************6232,2075.87
SYN000000312,***INGS,SGD,*******5571,**************9463,2140.11
SYN000000312,***RENT,USD,*******4980,**************2981,9377.52
SYN000000312,***RENT,SGD,*******5611,**************9586,1262.48
SYN000000313,***INGS,SGD,*******1130,**************9339,6537.43
SYN000000314,***INGS,SGD,*******2332,**************6085,42588.1
SYN000000315,*IXED,SGD,*******1521,**************0359,1605.91
SYN000000316,*IXED,MYR,*******7081,**************3271,15820.55
SYN000000317,***RENT,USD,*******2762,**************4210,7759.88
SYN000000317,***INGS,SGD,*******4131,**************5888,8975.86
SYN000000318,***RENT,SGD,*******4012,**************1175,3637.6
SYN000000319,***INGS,SGD,*******7092,**************0056,49590.07
SYN000000319,***RENT,SGD,*******7641,**************3989,614.62
SYN000000320,***INGS,USD,*******2440,**************9715,1945.29
SYN000000320,***RENT,SGD,*******7100,**************4621,10768.58
SYN000000320,***RENT,SGD,*******6560,**************0670,9783.39
SYN000000320,***INGS,SGD,*******3121,**************8947,2987.02
SYN000000320,***INGS,SGD,*******1662,**************4111,3382.05
SYN000000321,***INGS,SGD,*******6052,**************7348,1593.59
SYN000000322,*IXED,MYR,*******0890,**************4212,17998.0
SYN000000323,***INGS,SGD,*******3121,**************5016,250.78
SYN000000324,***RENT,SGD,*******6812,**************3331,2039.04
SYN000000324,***INGS,SGD,*******3112,**************9727,5358.02
SYN000000324,***INGS,USD,*******3940,**************5926,8504.96
SYN000000325,***INGS,SGD,*******5891,**************2255,22173.71
SYN000000326,***RENT,MYR,*******1221,**************4289,322.64
SYN000000326,***INGS,SGD,*******7810,**************6985,1991.93
SYN000000326,***INGS,SGD,*******1170,**************9732,33744.69
SYN000000327,***INGS,USD,*******3282,**************6820,5277.32
SYN000000327,***RENT,SGD,*******6830,**************7755,15753.99
SYN000000327,***INGS,SGD,*******4492,**************1688,24025.87
SYN000000327,***INGS,USD,*******2940,**************9982,2978.63
SYN000000328,*IXED,SGD,*******5121,**************3495,2481.03
SYN000000328,***INGS,SGD,*******6450,**************1156,8963.06
SYN000000328,***INGS,SGD,*******7121,**************2190,464.9
SYN000000328,***RENT,SGD,*******6672,**************0734,62128.62
SYN000000329,***INGS,SGD,*******4831,**************0830,10710.38
SYN000000329,***RENT,SGD,*******0712,**************6739,8065.22
SYN000000330,***INGS,SGD,*******0591,**************8906,2416.01
SYN000000330,***INGS,SGD,*******6462,**************9130,7078.17
SYN000000330,***INGS,SGD,*******5642,**************8477,34200.21
SYN000000331,***RENT,USD,*******6640,**************1235,3955.93
SYN000000331,***RENT,SGD,*******2342,**************7709,5256.0
SYN000000331,***RENT,SGD,*******0231,**************2182,2437.76
SYN000000331,*IXED,MYR,*******1192,**************4283,17316.2
SYN000000332,***RENT,SGD,*******1882,**************3100,1463.75
SYN000000332,***INGS,SGD,*******5172,**************3832,1408.09
SYN000000332,***INGS,USD,*******6722,**************5156,3859.25
SYN000000333,*IXED,SGD,*******6041,**************3848,4566.02
SYN000000333,***INGS,MYR,*******1111,**************9973,7924.47
SYN000000334,***RENT,SGD,*******0762,**************8450,1669.18
SYN000000334,***INGS,USD,*******3091,**************4386,14387.93
SYN000000334,***RENT,USD,*******1662,**************1633,3910.31
SYN000000335,***RENT,SGD,*******3251,**************5720,20418.1
SYN000000336,***INGS,SGD,*******2051,**************5744,1282.98
SYN000000337,***INGS,USD,*******6312,**************0880,3872.47
SYN000000338,***RENT,SGD,*******7400,**************4703,29543.62
SYN000000339,***RENT,SGD,*******6762,**************9518,908.37
SYN000000339,***RENT,SGD,*******4280,**************1118,5962.32
SYN000000339,***INGS,SGD,*******6092,**************6527,5902.78
SYN000000340,***RENT,SGD,*******7052,**************2729,52438.38
SYN000000341,***INGS,SGD,*******7880,**************3600,3326.97
SYN000000342,***RENT,USD,*******3671,**************0765,103591.04
SYN000000342,*IXED,SGD,*******5092,**************7333,742.15
SYN000000342,***RENT,SGD,*******7381,**************6232,20072.56
SYN000000342,***RENT,MYR,*******1752,**************8937,1972.59
SYN000000343,***RENT,SGD,*******4990,**************4886,5872.63
SYN000000344,***INGS,SGD,*******4660,**************8368,900.26
SYN000000344,*IXED,SGD,*******6812,**************5083,5549.51
SYN000000345,*IXED,SGD,*******6400,**************5686,2531.4
SYN000000346,***INGS,SGD,*******6450,**************9254,3589.06
SYN000000346,***INGS,SGD,*******1251,**************4621,2240.6
SYN000000347,***RENT,SGD,*******4480,**************3218,469.91
SYN000000348,***INGS,SGD,*******6061,**************4949,12651.23
SYN000000349,*IXED,USD,*******2172,**************8123,613.07
SYN000000350,***INGS,SGD,*******4642,**************6548,6712.36
SYN000000351,***INGS,SGD,*******0500,**************2085,5830.76
SYN000000351,*IXED,MYR,*******1381,**************4124,4419.82
SYN000000352,***INGS,SGD,*******4720,**************9953,38093.83
SYN000000352,***RENT,SGD,*******6610,**************3976,3670.53
SYN000000352,***INGS,SGD,*******5810,**************2628,2383.64
SYN000000353,***RENT,USD,*******4910,**************3661,729.45
SYN000000353,***RENT,SGD,*******6400,**************5113,8538.28
SYN000000353,***INGS,USD,*******2840,**************0644,2608.67
SYN000000353,***RENT,MYR,*******5640,**************6954,28917.81
SYN000000354,***INGS,SGD,*******0772,**************0359,5050.49
SYN000000354,***INGS,USD,*******5601,**************2252,22958.54
SYN000000354,***RENT,SGD,*******4561,**************3728,7958.05
SYN000000354,***INGS,SGD,*******1521,**************1269,2894.93
SYN000000354,***RENT,SGD,*******7952,**************2855,4699.1
SYN000000355,***INGS,USD,*******7890,**************4631,3729.74
SYN000000355,***RENT,MYR,*******0530,**************6568,9979.91
SYN000000356,***INGS,SGD,*******5862,**************2936,8462.19
SYN000000356,*IXED,SGD,*******4361,**************2140,403.03
SYN000000357,***INGS,USD,*******2470,**************5422,16425.76
SYN000000358,***INGS,SGD,*******1510,**************0243,34192.7
SYN000000358,***INGS,SGD,*******4550,**************5308,2359.81
SYN000000359,*IXED,SGD,*******4960,**************6167,4892.77
SYN000000360,***RENT,SGD,*******2031,**************1378,3881.51
SYN000000361,***INGS,MYR,*******6971,**************0010,7946.78
SYN000000361,***INGS,SGD,*******1312,**************5601,931.88
SYN000000362,*IXED,USD,*******0890,**************9226,44779.48
SYN000000362,***INGS,SGD,*******5351,**************7520,4328.01
SYN000000363,***INGS,MYR,*******6431,**************3903,5031.75
