_msg_id,_ts,23B,71A,_sender_bic,_receiver_bic,32A_ccy,32A_amount,50K_acct,50K_name,59_acct,59_name,70,_mt_type,_format
REF00000788762,2026-07-12T08:18:11.922,CRED,OUR,OCBCSGSG,CITIUS33,SGD,4658.92,**************0466,YODAC ZSBV,**************6972,WCDY LH,INVOICE 49258,103,mt
REF00000198036,2026-07-04T21:43:33.742,CRED,SHA,OCBCSGSG,CITIUS33,USD,804.37,**************5594,AAZAL UTPT,**************1984,OECF WD,INVOICE 75594,103,mt
REF00000119553,2026-07-10T16:31:59.013,CRED,OUR,DBSSSGSG,MAYBMYKL,SGD,666.18,**************9007,AQPHC VROC,**************4519,TVCQ SB,INVOICE 98683,103,mt
REF00000053318,2026-07-09T06:38:34.956,CRED,OUR,OCBCSGSG,HSBCGB2L,USD,189.89,**************7986,IRCUJ PLIH,**************9886,UGOQ VA,INVOICE 56694,103,mt
REF00000384916,2026-07-13T04:53:40.604,CRED,SHA,DBSSSGSG,CITIUS33,USD,895.65,**************4596,QCAKE WPVM,**************8190,FBCS PF,INVOICE 10988,103,mt
REF00000217787,2026-07-02T12:48:21.140,CRED,BEN,OCBCSGSG,MAYBMYKL,SGD,217.85,**************2611,CRGEA LYDQ,**************9434,EVJO BN,INVOICE 60733,103,mt
REF00000671397,2026-07-01T16:41:00.683,CRED,SHA,OCBCSGSG,MAYBMYKL,USD,1835.16,**************1446,IVZBF IEJE,**************4415,YOBS MY,INVOICE 59684,103,mt
REF00000124911,2026-07-09T00:55:22.637,CRED,OUR,OCBCSGSG,MAYBMYKL,SGD,366.3,**************9005,LPKSO PBZP,**************8829,FBCS PF,INVOICE 01372,103,mt
REF00000531363,2026-07-06T07:12:56.903,CRED,OUR,DBSSSGSG,MAYBMYKL,SGD,905.39,**************0675,TFOXY QOJI,**************7407,DYFN NY,INVOICE 27832,103,mt
REF00000259151,2026-07-05T11:41:28.534,CRED,OUR,UOVBSGSG,MAYBMYKL,USD,83.48,**************7377,DQDPM VIUG,**************6199,LDWW ZF,INVOICE 49614,103,mt
REF00000153909,2026-07-02T12:28:41.562,CRED,OUR,OCBCSGSG,HSBCGB2L,SGD,336.48,**************9763,SIEXK ZZOX,**************1330,CCMG BJ,INVOICE 90134,103,mt
REF00000198335,2026-07-13T17:39:03.822,CRED,OUR,DBSSSGSG,HSBCGB2L,SGD,5873.54,**************2746,ZBHQC ZWKJ,**************8653,OCSI CW,INVOICE 70334,103,mt
REF00000554380,2026-07-01T23:00:16.771,CRED,BEN,UOVBSGSG,CITIUS33,SGD,343.55,**************8242,NGDMG WOQH,**************0465,ZLGQ WN,INVOICE 26858,103,mt
REF00000295280,2026-07-07T00:04:15.235,CRED,BEN,DBSSSGSG,MAYBMYKL,SGD,1159.71,**************1647,FSGJB LREP,**************4161,YRPK EE,INVOICE 55968,103,mt
REF00000026022,2026-07-08T20:19:08.660,CRED,OUR,OCBCSGSG,CITIUS33,SGD,551.05,**************4320,BTFER CWKF,**************1212,AVVB UC,INVOICE 70587,103,mt
REF00000789752,2026-07-05T19:46:19.330,CRED,OUR,OCBCSGSG,MAYBMYKL,EUR,1040.35,**************0458,YZEGB NMXK,**************4219,GVMI RU,INVOICE 89403,103,mt
REF00000021356,2026-07-12T11:02:55.508,CRED,OUR,OCBCSGSG,CITIUS33,USD,5063.01,**************6156,JNKVS ERCY,**************6372,IINM SI,INVOICE 63869,103,mt
REF00000786457,2026-07-07T06:41:19.984,CRED,SHA,OCBCSGSG,MAYBMYKL,MYR,205.3,**************2923,FSGJB LREP,**************9837,QDWM IG,INVOICE 73603,103,mt
REF00000018770,2026-07-08T00:50:45.562,CRED,OUR,UOVBSGSG,MAYBMYKL,SGD,270.79,**************2572,JWSMB LOHY,**************5295,YOBS MY,INVOICE 64068,103,mt
REF00000188168,2026-07-06T14:35:40.611,CRED,OUR,OCBCSGSG,MAYBMYKL,USD,1691.52,**************2002,QCAKE WPVM,**************6245,PFMJ AC,INVOICE 15220,103,mt
REF00000317642,2026-07-01T08:16:01.266,CRED,OUR,DBSSSGSG,CITIUS33,MYR,485.91,**************4106,PMJNV PFMU,**************7897,PFJS LU,INVOICE 53773,103,mt
REF00000149927,2026-07-05T11:07:55.178,CRED,OUR,OCBCSGSG,MAYBMYKL,MYR,202.87,**************8667,TLGFQ SOZV,**************0790,PVAZ ZX,INVOICE 13312,103,mt
REF00000673590,2026-07-03T18:54:15.077,CRED,OUR,UOVBSGSG,MAYBMYKL,SGD,863.11,**************1119,OVZDA LZPC,**************9956,ESKL YY,INVOICE 77688,103,mt
REF00000780480,2026-07-12T16:17:30.074,CRED,OUR,DBSSSGSG,MAYBMYKL,MYR,567.68,**************5116,JJVVS KSJS,**************3158,GQXI CR,INVOICE 25338,103,mt
REF00000235015,2026-07-11T08:15:58.666,CRED,SHA,OCBCSGSG,MAYBMYKL,MYR,4208.77,**************8757,WTGKQ KKOI,**************5746,CYQS SR,INVOICE 23812,103,mt
REF00000503070,2026-07-04T06:33:09.095,CRED,SHA,UOVBSGSG,CITIUS33,SGD,1036.3,**************0789,DHILE AMBV,**************2578,BGVE KQ,INVOICE 55245,103,mt
REF00000342894,2026-07-08T12:46:18.697,CRED,OUR,UOVBSGSG,CITIUS33,SGD,6670.15,**************8355,LNQCY JIWP,**************4790,YOBS MY,INVOICE 50207,103,mt
REF00000451021,2026-07-07T17:14:08.054,CRED,OUR,UOVBSGSG,MAYBMYKL,MYR,446.25,**************8625,SHLQC UZAV,**************3958,SKSH FP,INVOICE 89726,103,mt
REF00000473118,2026-07-01T15:17:16.836,CRED,BEN,OCBCSGSG,MAYBMYKL,SGD,580.54,**************3956,PVVER TTCE,**************6483,RHWF QY,INVOICE 45961,103,mt
REF00000687015,2026-07-07T02:11:12.048,CRED,BEN,OCBCSGSG,CITIUS33,USD,561.28,**************8412,QWYMK EWRS,**************5178,RTTO BL,INVOICE 12285,103,mt
REF00000359577,2026-07-10T03:22:56.441,CRED,OUR,OCBCSGSG,CITIUS33,SGD,3802.47,**************7422,CLYVN BTTC,**************4970,KHTZ GL,INVOICE 19378,103,mt
REF00000419951,2026-07-03T15:47:37.051,CRED,OUR,DBSSSGSG,CITIUS33,MYR,557.78,**************4750,QWYMK EWRS,**************6737,CCMG BJ,INVOICE 02066,103,mt
REF00000060478,2026-07-12T20:37:36.022,CRED,SHA,DBSSSGSG,CITIUS33,SGD,224.35,**************9345,LNQCY JIWP,**************8063,KHTZ GL,INVOICE 52531,103,mt
REF00000603440,2026-07-13T23:08:01.722,CRED,OUR,OCBCSGSG,MAYBMYKL,MYR,1884.98,**************9149,QWYMS PBAO,**************3974,SKSH FP,INVOICE 34542,103,mt
REF00000101618,2026-07-07T22:06:27.839,CRED,SHA,DBSSSGSG,HSBCGB2L,SGD,338.84,**************5046,ZCJNK EPVY,**************8444,UHWZ AX,INVOICE 58485,103,mt
REF00000184405,2026-07-03T06:46:06.995,CRED,OUR,UOVBSGSG,MAYBMYKL,SGD,1810.39,**************9151,LSLNF CUAG,**************6496,YGTT RX,INVOICE 48864,103,mt
REF00000559835,2026-07-09T13:05:44.192,CRED,BEN,UOVBSGSG,HSBCGB2L,USD,1077.84,**************1474,EQEVI UXBT,**************7987,OLTX LJ,INVOICE 34974,103,mt
REF00000141360,2026-07-11T10:00:27.815,CRED,OUR,DBSSSGSG,HSBCGB2L,USD,514.07,**************9195,PVVER TTCE,**************9495,MNYL HJ,INVOICE 45556,103,mt
REF00000769553,2026-07-12T11:19:27.087,CRED,SHA,OCBCSGSG,HSBCGB2L,SGD,1040.68,**************7900,AKSID RTBG,**************5513,RSSL RF,INVOICE 17881,103,mt
REF00000086119,2026-07-12T02:39:52.934,CRED,SHA,UOVBSGSG,CITIUS33,SGD,1499.18,**************6791,KJLIW WUFO,**************8114,FARW NH,INVOICE 10670,103,mt
REF00000182492,2026-07-06T04:22:21.036,CRED,BEN,UOVBSGSG,HSBCGB2L,USD,2372.51,**************8050,GOIXF LXSN,**************6457,QPYT SP,INVOICE 24427,103,mt
REF00000610437,2026-07-11T04:30:46.521,CRED,OUR,DBSSSGSG,MAYBMYKL,SGD,1141.62,**************0414,PQOXX ZXLT,**************2618,DWVQ MS,INVOICE 43043,103,mt
REF00000306204,2026-07-04T20:23:13.675,CRED,BEN,OCBCSGSG,MAYBMYKL,USD,1249.2,**************6897,EDZPP DRRE,**************9567,ZYIH WC,INVOICE 24242,103,mt
REF00000395166,2026-07-06T16:58:33.834,CRED,SHA,UOVBSGSG,HSBCGB2L,SGD,234.31,**************5105,KMJWQ LMRG,**************0832,TPVV OK,INVOICE 86082,103,mt
REF00000638172,2026-07-02T17:13:03.611,CRED,OUR,UOVBSGSG,HSBCGB2L,USD,4356.03,**************4159,OQDRZ OCCG,**************4091,FTKF MI,INVOICE 44347,103,mt
REF00000135896,2026-07-06T16:22:03.255,CRED,OUR,DBSSSGSG,CITIUS33,USD,446.84,**************1570,WGIAF VKTD,**************0839,BBZV IN,INVOICE 87567,103,mt
REF00000538557,2026-07-01T09:00:10.289,CRED,OUR,DBSSSGSG,MAYBMYKL,SGD,562.35,**************4223,KKJSN WSVF,**************5740,MMAJ TT,INVOICE 04360,103,mt
REF00000713477,2026-07-07T00:42:05.708,CRED,SHA,OCBCSGSG,CITIUS33,SGD,1157.04,**************9407,JNKVS ERCY,**************7128,JWKT HE,INVOICE 30016,103,mt
REF00000385152,2026-07-05T15:28:48.430,CRED,OUR,DBSSSGSG,HSBCGB2L,USD,1458.19,**************1670,GTOTO NQKQ,**************0632,IZNM IV,INVOICE 98206,103,mt
REF00000443655,2026-07-07T14:47:47.068,CRED,OUR,UOVBSGSG,CITIUS33,SGD,301.52,**************6914,SPKHJ FFNF,**************3419,QDWM IG,INVOICE 19811,103,mt
